School Code,School Name,School Type,Sch type - reg/ VJ,School Shift,Nov 1,Nov 2,Nov 3,Nov 4,Nov 5,Nov 6,Nov 7,Nov 8,Nov 9,Nov 10,Nov 11,Nov 12,Nov 13,Nov 14,Nov 15,Nov 16,Nov 17,Nov 18,Nov 19,Nov 20,Nov 21,Nov 22,Nov 23,Nov 24,Nov 25,Nov 26,Nov 27,Nov 28,Nov 29,Nov 30
4180208641,Jyoti Model School,Daily,Regular school,Double Shift,,,,,,,,,,,,,,,,,,,,,,,,,,,,,,
2648183925,Sankalp Public School,Daily,Regular school,Single shift,,,,,,,,,,,,,,,,,,,,,,,,,,,,,,
5724245767,Adarsh Senior Secondary School,Daily,Regular school,Single shift,,,,,,,,,,,,,,,,,,,,,,,,,,,,,,
7586779859,Shanti Model School,Once in two weeks,Regular school,Double Shift,,,,,,,,,,,,,,,,,,,,,,,,,,,,,,
6737631854,Sankalp Public School,Weekly,Regular school,Double Shift,,,,,,,,,,,,,,,,,,,,,,,,,,,,,,
4401316790,Saraswati Public School,Weekly,Regular school,Single shift,,,,,,,,,,,,,,,,,,,,,,,,,,,,,,
5451862645,Ujjwal Senior Secondary School,Once in two weeks,Regular school,Double Shift,,,,,,,,,,,,,,,,,,,,,,,,,,,,,,
9334395801,Pragati Public School,Once in two weeks,Regular school,Single shift,,,,,,,,,,,,,,,,,,,,,,,,,,,,,,
4861523159,Ujjwal Senior Secondary School,Weekly,Regular school,Double Shift,,,,,,,,,,,,,,,,,,,,,,,,,,,,,,
7644133124,Vidya Public School,Once in two weeks,Vidya Jyoti school,Double Shift,,,,,,,,,,,,,,,,,,,,,,,,,,,,,,
1699296640,Ujjwal Vidyalaya,Two days a week,Regular school,Double Shift,,,,,,,,,,,,,,,,,,,,,,,,,,,,,,
1249817678,Aarohan High School,Two days a week,Regular school,Double Shift,,,,,,,,,,,,,,,,,,,,,,,,,,,,,,
3066101549,Sankalp Model School,Weekly,Regular school,Single shift,,,,,,,,,,,,,,,,,,,,,,,,,,,,,,
8323615786,Vidya Public School,Weekly,Regular school,Double Shift,,,,,,,,,,,,,,,,,,,,,,,,,,,,,,
6250118677,Aarohan High School,Weekly,Vidya Jyoti school,Double Shift,,,,,,,,,,,,,,,,,,,,,,,,,,,,,,
4873406188,Gyan Public School,Once in two weeks,Regular school,Single shift,,,,,,,,,,,,,,,,,,,,,,,,,,,,,,
8452867712,Saraswati Model School,Two days a week,Regular school,Double Shift,,,,,,,,,,,,,,,,,,,,,,,,,,,,,,
6392063171,Navchetna Vidyalaya,Once in two weeks,Regular school,Double Shift,,,,,,,,,,,,,,,,,,,,,,,,,,,,,,
6404836393,Adarsh Public School,Daily,Regular school,Single shift,,,,,,,,,,,,,,,,,,,,,,,,,,,,,,
3808065904,Pragati Public School,Once in two weeks,Vidya Jyoti school,Double Shift,,,,,,,,,,,,,,,,,,,,,,,,,,,,,,
7472516179,Sankalp Vidyalaya,Once in two weeks,Vidya Jyoti school,Double Shift,,,,,,,,,,,,,,,,,,,,,,,,,,,,,,
7806904529,Utkarsh Public School,Once in two weeks,Regular school,Single shift,,,,,,,,,,,,,,,,,,,,,,,,,,,,,,
5783113723,Aarohan Model School,Once in two weeks,Regular school,Double Shift,,,,,,,,,,,,,,,,,,,,,,,,,,,,,,
7311748982,Gyan Vidyalaya,Once in two weeks,Regular school,Double Shift,,,,,,,,,,,,,,,,,,,,,,,,,,,,,,
6038986788,Saraswati Public School,Weekly,Regular school,Double Shift,,,,,,,,,,,,,,,,,,,,,,,,,,,,,,
7480030338,Sankalp Senior Secondary School,Weekly,Regular school,Single shift,,,,,,,,,,,,,,,,,,,,,,,,,,,,,,
6064873642,Shanti Public School,Weekly,Regular school,Double Shift,,,,,,,,,,,,,,,,,,,,,,,,,,,,,,
7222524373,Ujjwal Public School,Once in two weeks,Regular school,Double Shift,,,,,,,,,,,,,,,,,,,,,,,,,,,,,,
7327082609,Utkarsh Senior Secondary School,Daily,Regular school,Single shift,,,,,,,,,,,,,,,,,,,,,,,,,,,,,,
4930978792,Utkarsh Public School,Two days a week,Vidya Jyoti school,Double Shift,,,,,,,,,,,,,,,,,,,,,,,,,,,,,,
4400336812,Vidya Academy,Weekly,Regular school,Double Shift,,,,,,,,,,,,,,,,,,,,,,,,,,,,,,
2295933503,Adarsh Model School,Weekly,Regular school,Double Shift,,,,,,,,,,,,,,,,,,,,,,,,,,,,,,
2404403961,Pragati Public School,Once in two weeks,Regular school,Double Shift,,,,,,,,,,,,,,,,,,,,,,,,,,,,,,
1765017938,Vidya Vidyalaya,Weekly,Regular school,Double Shift,,,,,,,,,,,,,,,,,,,,,,,,,,,,,,
2826509216,Ujjwal Senior Secondary School,Weekly,Regular school,Single shift,,,,,,,,,,,,,,,,,,,,,,,,,,,,,,
3012058739,Utkarsh Vidyalaya,Weekly,Regular school,Single shift,,,,,,,,,,,,,,,,,,,,,,,,,,,,,,
5790085580,Pragati Vidyalaya,Once in two weeks,Regular school,Single shift,,,,,,,,,,,,,,,,,,,,,,,,,,,,,,
8808989976,Shanti Senior Secondary School,Daily,Regular school,Single shift,,,,,,,,,,,,,,,,,,,,,,,,,,,,,,
1746568288,Saraswati High School,Daily,Regular school,Single shift,,,,,,,,,,,,,,,,,,,,,,,,,,,,,,
7806320468,Adarsh Public School,Daily,Regular school,Single shift,,,,,,,,,,,,,,,,,,,,,,,,,,,,,,
3443511417,Adarsh Model School,Weekly,Regular school,Double Shift,,,,,,,,,,,,,,,,,,,,,,,,,,,,,,
8470473969,Vidya Vidyalaya,Weekly,Regular school,Single shift,,,,,,,,,,,,,,,,,,,,,,,,,,,,,,
6240410164,Pragati Vidyalaya,Two days a week,Regular school,Single shift,,,,,,,,,,,,,,,,,,,,,,,,,,,,,,
2453739709,Jyoti Model School,Two days a week,Regular school,Double Shift,,,,,,,,,,,,,,,,,,,,,,,,,,,,,,
3941586534,Ujjwal Vidyalaya,Daily,Regular school,Single shift,,,,,,,,,,,,,,,,,,,,,,,,,,,,,,
8436588094,Navchetna Vidyalaya,Daily,Vidya Jyoti school,Double Shift,,,,,,,,,,,,,,,,,,,,,,,,,,,,,,
6262295940,Adarsh Model School,Once in two weeks,Regular school,Single shift,,,,,,,,,,,,,,,,,,,,,,,,,,,,,,
9880390251,Aarohan Academy,Two days a week,Regular school,Single shift,,,,,,,,,,,,,,,,,,,,,,,,,,,,,,
4754444270,Utkarsh Model School,Once in two weeks,Regular school,Double Shift,,,,,,,,,,,,,,,,,,,,,,,,,,,,,,
9396081041,Aarohan High School,Weekly,Regular school,Double Shift,,,,,,,,,,,,,,,,,,,,,,,,,,,,,,
9272452544,Saraswati Academy,Weekly,Regular school,Single shift,,,,,,,,,,,,,,,,,,,,,,,,,,,,,,
7831752627,Adarsh High School,Once in two weeks,Regular school,Single shift,,,,,,,,,,,,,,,,,,,,,,,,,,,,,,
7453106805,Jyoti Public School,Once in two weeks,Regular school,Double Shift,,,,,,,,,,,,,,,,,,,,,,,,,,,,,,
9244790102,Vidya Public School,Once in two weeks,Regular school,Double Shift,,,,,,,,,,,,,,,,,,,,,,,,,,,,,,
7839424300,Jyoti Public School,Once in two weeks,Regular school,Single shift,,,,,,,,,,,,,,,,,,,,,,,,,,,,,,
4539974468,Adarsh Public School,Monthly,Regular school,Double Shift,,,,,,,,,,,,,,,,,,,,,,,,,,,,,,
8673624607,Aarohan Public School,Once in two weeks,Regular school,Double Shift,,,,,,,,,,,,,,,,,,,,,,,,,,,,,,
8890254450,Aarohan Model School,Weekly,Vidya Jyoti school,Single shift,,,,,,,,,,,,,,,,,,,,,,,,,,,,,,
8834524921,Adarsh Vidyalaya,Weekly,Regular school,Single shift,,,,,,,,,,,,,,,,,,,,,,,,,,,,,,
5299406480,Shanti Senior Secondary School,Two days a week,Regular school,Single shift,,,,,,,,,,,,,,,,,,,,,,,,,,,,,,
6214525836,Navchetna Public School,Weekly,Vidya Jyoti school,Single shift,,,,,,,,,,,,,,,,,,,,,,,,,,,,,,
7658840170,Utkarsh High School,Once in two weeks,Regular school,Single shift,,,,,,,,,,,,,,,,,,,,,,,,,,,,,,
4630058349,Jyoti Senior Secondary School,Once in two weeks,Regular school,Single shift,,,,,,,,,,,,,,,,,,,,,,,,,,,,,,
3306898605,Pragati High School,Once in two weeks,Regular school,Double Shift,,,,,,,,,,,,,,,,,,,,,,,,,,,,,,
8588014228,Sankalp Senior Secondary School,Weekly,Regular school,Single shift,,,,,,,,,,,,,,,,,,,,,,,,,,,,,,
6561610509,Ujjwal Vidyalaya,Once in two weeks,Regular school,Single shift,,,,,,,,,,,,,,,,,,,,,,,,,,,,,,
2839988634,Aarohan Vidyalaya,Once in two weeks,Regular school,Single shift,,,,,,,,,,,,,,,,,,,,,,,,,,,,,,
8616897567,Utkarsh Academy,Two days a week,Vidya Jyoti school,Double Shift,,,,,,,,,,,,,,,,,,,,,,,,,,,,,,
6319426090,Aarohan High School,Two days a week,Regular school,Double Shift,,,,,,,,,,,,,,,,,,,,,,,,,,,,,,
6130523028,Shanti Public School,Weekly,Regular school,Double Shift,,,,,,,,,,,,,,,,,,,,,,,,,,,,,,
7658013072,Shanti Vidyalaya,Two days a week,Regular school,Double Shift,,,,,,,,,,,,,,,,,,,,,,,,,,,,,,
6814432237,Ujjwal Public School,Weekly,Regular school,Single shift,,,,,,,,,,,,,,,,,,,,,,,,,,,,,,
4437465058,Jyoti Academy,Weekly,Regular school,Single shift,,,,,,,,,,,,,,,,,,,,,,,,,,,,,,
8582227451,Aarohan Vidyalaya,Weekly,Regular school,Single shift,,,,,,,,,,,,,,,,,,,,,,,,,,,,,,
1469948527,Aarohan Senior Secondary School,Weekly,Regular school,Single shift,,,,,,,,,,,,,,,,,,,,,,,,,,,,,,
6423732316,Aarohan Public School,Weekly,Regular school,Double Shift,,,,,,,,,,,,,,,,,,,,,,,,,,,,,,
9845623107,Gyan Academy,Daily,Regular school,Double Shift,,,,,,,,,,,,,,,,,,,,,,,,,,,,,,
3162440834,Pragati Senior Secondary School,Weekly,Vidya Jyoti school,Double Shift,,,,,,,,,,,,,,,,,,,,,,,,,,,,,,
8623976194,Adarsh Academy,Weekly,Regular school,Double Shift,,,,,,,,,,,,,,,,,,,,,,,,,,,,,,
6705495084,Ujjwal Model School,Weekly,Regular school,Double Shift,,,,,,,,,,,,,,,,,,,,,,,,,,,,,,
7617294243,Jyoti Vidyalaya,Weekly,Regular school,Double Shift,,,,,,,,,,,,,,,,,,,,,,,,,,,,,,
3402550468,Aarohan Public School,Weekly,Regular school,Double Shift,,,,,,,,,,,,,,,,,,,,,,,,,,,,,,
7676526824,Aarohan Model School,Weekly,Regular school,Double Shift,,,,,,,,,,,,,,,,,,,,,,,,,,,,,,
1998335393,Saraswati Public School,Once in two weeks,Regular school,Single shift,,,,,,,,,,,,,,,,,,,,,,,,,,,,,,
5875440280,Vidya Model School,Once in two weeks,Regular school,Double Shift,,,,,,,,,,,,,,,,,,,,,,,,,,,,,,
2613467626,Navchetna Academy,Once in two weeks,Regular school,Double Shift,,,,,,,,,,,,,,,,,,,,,,,,,,,,,,
2832402022,Utkarsh Public School,Weekly,Regular school,Double Shift,,,,,,,,,,,,,,,,,,,,,,,,,,,,,,
7932271124,Vidya Vidyalaya,Weekly,Regular school,Double Shift,,,,,,,,,,,,,,,,,,,,,,,,,,,,,,
2421497113,Shanti Senior Secondary School,Weekly,Regular school,Double Shift,,,,,,,,,,,,,,,,,,,,,,,,,,,,,,
4940142752,Aarohan Model School,Once in two weeks,Regular school,Single shift,,,,,,,,,,,,,,,,,,,,,,,,,,,,,,
1190466160,Jyoti Senior Secondary School,Daily,Regular school,Single shift,,,,,,,,,,,,,,,,,,,,,,,,,,,,,,
2321419271,Aarohan High School,Weekly,Regular school,Double Shift,,,,,,,,,,,,,,,,,,,,,,,,,,,,,,
1454119930,Adarsh Public School,Once in two weeks,Regular school,Single shift,,,,,,,,,,,,,,,,,,,,,,,,,,,,,,
3955987918,Shanti Public School,Once in two weeks,Regular school,Single shift,,,,,,,,,,,,,,,,,,,,,,,,,,,,,,
7283864836,Saraswati Academy,Once in two weeks,Regular school,Double Shift,,,,,,,,,,,,,,,,,,,,,,,,,,,,,,
7527839061,Vidya Model School,Once in two weeks,Regular school,Double Shift,,,,,,,,,,,,,,,,,,,,,,,,,,,,,,
8036454480,Pragati Model School,Once in two weeks,Regular school,Double Shift,,,,,,,,,,,,,,,,,,,,,,,,,,,,,,
6957457344,Gyan Vidyalaya,Weekly,Regular school,Double Shift,,,,,,,,,,,,,,,,,,,,,,,,,,,,,,
4631764223,Sankalp Public School,Once in two weeks,Vidya Jyoti school,Double Shift,,,,,,,,,,,,,,,,,,,,,,,,,,,,,,
6483966719,Navchetna Public School,Monthly,Vidya Jyoti school,Single shift,,,,,,,,,,,,,,,,,,,,,,,,,,,,,,
8875602562,Shanti High School,Monthly,Vidya Jyoti school,Double Shift,,,,,,,,,,,,,,,,,,,,,,,,,,,,,,
1280141672,Gyan Senior Secondary School,Monthly,Regular school,Single shift,,,,,,,,,,,,,,,,,,,,,,,,,,,,,,
7349612861,Navchetna High School,Monthly,Regular school,Single shift,,,,,,,,,,,,,,,,,,,,,,,,,,,,,,
7496692212,Navchetna High School,Monthly,Regular school,Double Shift,,,,,,,,,,,,,,,,,,,,,,,,,,,,,,
9470979007,Adarsh Academy,Weekly,Regular school,Double Shift,,,,,,,,,,,,,,,,,,,,,,,,,,,,,,
4412070020,Adarsh Public School,Once in two weeks,Regular school,Single shift,,,,,,,,,,,,,,,,,,,,,,,,,,,,,,
3683300978,Vidya Senior Secondary School,Two days a week,Regular school,Single shift,,,,,,,,,,,,,,,,,,,,,,,,,,,,,,
5489939486,Utkarsh Academy,Weekly,Regular school,Single shift,,,,,,,,,,,,,,,,,,,,,,,,,,,,,,
3433446732,Aarohan Public School,Once in two weeks,Regular school,Single shift,,,,,,,,,,,,,,,,,,,,,,,,,,,,,,
4842455714,Gyan Public School,Daily,Regular school,Double Shift,,,,,,,,,,,,,,,,,,,,,,,,,,,,,,
5716758416,Ujjwal Academy,Daily,Regular school,Single shift,,,,,,,,,,,,,,,,,,,,,,,,,,,,,,
9816974136,Shanti Public School,Once in two weeks,Regular school,Single shift,,,,,,,,,,,,,,,,,,,,,,,,,,,,,,
8215101266,Pragati Vidyalaya,Once in two weeks,Regular school,Single shift,,,,,,,,,,,,,,,,,,,,,,,,,,,,,,
4974594179,Pragati Public School,Weekly,Regular school,Double Shift,,,,,,,,,,,,,,,,,,,,,,,,,,,,,,
3139850296,Jyoti Vidyalaya,Weekly,Regular school,Single shift,,,,,,,,,,,,,,,,,,,,,,,,,,,,,,
8266892400,Vidya Academy,Two days a week,Regular school,Double Shift,,,,,,,,,,,,,,,,,,,,,,,,,,,,,,
9288715508,Adarsh Senior Secondary School,Daily,Regular school,Double Shift,,,,,,,,,,,,,,,,,,,,,,,,,,,,,,
3813734021,Saraswati Academy,Daily,Regular school,Single shift,,,,,,,,,,,,,,,,,,,,,,,,,,,,,,
5264226703,Jyoti Public School,Daily,Regular school,Double Shift,,,,,,,,,,,,,,,,,,,,,,,,,,,,,,
8582168897,Aarohan Senior Secondary School,Weekly,Regular school,Double Shift,,,,,,,,,,,,,,,,,,,,,,,,,,,,,,
3473001053,Navchetna Model School,Two days a week,Regular school,Double Shift,,,,,,,,,,,,,,,,,,,,,,,,,,,,,,
8305769406,Aarohan Vidyalaya,Two days a week,Regular school,Double Shift,,,,,,,,,,,,,,,,,,,,,,,,,,,,,,
2375953431,Utkarsh High School,Once in two weeks,Regular school,Single shift,,,,,,,,,,,,,,,,,,,,,,,,,,,,,,
5046644129,Navchetna Senior Secondary School,Two days a week,Regular school,Single shift,,,,,,,,,,,,,,,,,,,,,,,,,,,,,,
1845840086,Jyoti High School,Weekly,Regular school,Single shift,,,,,,,,,,,,,,,,,,,,,,,,,,,,,,
5869539841,Ujjwal Public School,Once in two weeks,Regular school,Single shift,,,,,,,,,,,,,,,,,,,,,,,,,,,,,,
4327408373,Jyoti Vidyalaya,Once in two weeks,Regular school,Double Shift,,,,,,,,,,,,,,,,,,,,,,,,,,,,,,
8036506943,Saraswati Senior Secondary School,Two days a week,Regular school,Single shift,,,,,,,,,,,,,,,,,,,,,,,,,,,,,,
4583619374,Shanti Senior Secondary School,Two days a week,Regular school,Single shift,,,,,,,,,,,,,,,,,,,,,,,,,,,,,,
9951837005,Adarsh Academy,Weekly,Regular school,Single shift,,,,,,,,,,,,,,,,,,,,,,,,,,,,,,
8114398312,Pragati Public School,Weekly,Regular school,Single shift,,,,,,,,,,,,,,,,,,,,,,,,,,,,,,
3276097754,Aarohan Vidyalaya,Once in two weeks,Vidya Jyoti school,Double Shift,,,,,,,,,,,,,,,,,,,,,,,,,,,,,,
3491270053,Jyoti High School,Once in two weeks,Vidya Jyoti school,Double Shift,,,,,,,,,,,,,,,,,,,,,,,,,,,,,,
5587639532,Sankalp High School,Weekly,Regular school,Double Shift,,,,,,,,,,,,,,,,,,,,,,,,,,,,,,
1412379896,Gyan Public School,Weekly,Vidya Jyoti school,Double Shift,,,,,,,,,,,,,,,,,,,,,,,,,,,,,,
8241149132,Gyan Public School,Two days a week,Vidya Jyoti school,Double Shift,,,,,,,,,,,,,,,,,,,,,,,,,,,,,,
1934772922,Sankalp Vidyalaya,Weekly,Regular school,Single shift,,,,,,,,,,,,,,,,,,,,,,,,,,,,,,
5507893230,Gyan Academy,Weekly,Regular school,Double Shift,,,,,,,,,,,,,,,,,,,,,,,,,,,,,,
9221396229,Vidya Senior Secondary School,Two days a week,Regular school,Double Shift,,,,,,,,,,,,,,,,,,,,,,,,,,,,,,
6458044162,Adarsh Public School,Two days a week,Regular school,Double Shift,,,,,,,,,,,,,,,,,,,,,,,,,,,,,,
2587995048,Saraswati Senior Secondary School,Weekly,Regular school,Double Shift,,,,,,,,,,,,,,,,,,,,,,,,,,,,,,
8546132517,Jyoti Public School,Weekly,Regular school,Single shift,,,,,,,,,,,,,,,,,,,,,,,,,,,,,,
5758499999,Adarsh Public School,Two days a week,Regular school,Double Shift,,,,,,,,,,,,,,,,,,,,,,,,,,,,,,
7296965290,Jyoti Vidyalaya,Weekly,Regular school,Double Shift,,,,,,,,,,,,,,,,,,,,,,,,,,,,,,
3721725061,Saraswati Public School,Once in two weeks,Regular school,Double Shift,,,,,,,,,,,,,,,,,,,,,,,,,,,,,,
5432019151,Pragati Academy,Once in two weeks,Regular school,Double Shift,,,,,,,,,,,,,,,,,,,,,,,,,,,,,,
4366648569,Saraswati Public School,Once in two weeks,Regular school,Double Shift,,,,,,,,,,,,,,,,,,,,,,,,,,,,,,
2748847262,Jyoti Public School,Once in two weeks,Regular school,Double Shift,,,,,,,,,,,,,,,,,,,,,,,,,,,,,,
4853680695,Pragati High School,Daily,Regular school,Double Shift,,,,,,,,,,,,,,,,,,,,,,,,,,,,,,
6466871129,Aarohan Public School,Daily,Regular school,Double Shift,,,,,,,,,,,,,,,,,,,,,,,,,,,,,,
6530651315,Jyoti High School,Daily,Regular school,Single shift,,,,,,,,,,,,,,,,,,,,,,,,,,,,,,
4553354316,Adarsh Senior Secondary School,Weekly,Regular school,Single shift,,,,,,,,,,,,,,,,,,,,,,,,,,,,,,
9541481105,Ujjwal Senior Secondary School,Weekly,Regular school,Double Shift,,,,,,,,,,,,,,,,,,,,,,,,,,,,,,
3771350568,Utkarsh Senior Secondary School,Weekly,Regular school,Double Shift,,,,,,,,,,,,,,,,,,,,,,,,,,,,,,
4270290250,Ujjwal Senior Secondary School,Two days a week,Regular school,Double Shift,,,,,,,,,,,,,,,,,,,,,,,,,,,,,,
2491991880,Utkarsh Vidyalaya,Once in two weeks,Regular school,Double Shift,,,,,,,,,,,,,,,,,,,,,,,,,,,,,,
6784424821,Shanti Academy,Once in two weeks,Regular school,Double Shift,,,,,,,,,,,,,,,,,,,,,,,,,,,,,,
4759660410,Gyan Academy,Daily,Regular school,Single shift,,,,,,,,,,,,,,,,,,,,,,,,,,,,,,
4503887070,Adarsh Vidyalaya,Weekly,Regular school,Double Shift,,,,,,,,,,,,,,,,,,,,,,,,,,,,,,
9346872003,Jyoti Model School,Weekly,Regular school,Double Shift,,,,,,,,,,,,,,,,,,,,,,,,,,,,,,
9813015968,Gyan High School,Daily,Regular school,Double Shift,,,,,,,,,,,,,,,,,,,,,,,,,,,,,,
4597118083,Saraswati Model School,Once in two weeks,Vidya Jyoti school,Single shift,,,,,,,,,,,,,,,,,,,,,,,,,,,,,,
9463603607,Vidya Senior Secondary School,Once in two weeks,Regular school,Double Shift,,,,,,,,,,,,,,,,,,,,,,,,,,,,,,
9065950869,Sankalp Model School,Once in two weeks,Regular school,Single shift,,,,,,,,,,,,,,,,,,,,,,,,,,,,,,
9097357251,Jyoti Senior Secondary School,Once in two weeks,Regular school,Single shift,,,,,,,,,,,,,,,,,,,,,,,,,,,,,,
2901075355,Gyan Academy,Once in two weeks,Regular school,Single shift,,,,,,,,,,,,,,,,,,,,,,,,,,,,,,
3237257011,Navchetna Public School,Once in two weeks,Vidya Jyoti school,Single shift,,,,,,,,,,,,,,,,,,,,,,,,,,,,,,
2291510033,Jyoti Academy,Daily,Regular school,Single shift,,,,,,,,,,,,,,,,,,,,,,,,,,,,,,
4930115661,Aarohan Public School,Once in two weeks,Regular school,Double Shift,,,,,,,,,,,,,,,,,,,,,,,,,,,,,,
8078391794,Adarsh High School,Once in two weeks,Regular school,Single shift,,,,,,,,,,,,,,,,,,,,,,,,,,,,,,
8071003733,Navchetna Vidyalaya,Weekly,Regular school,Single shift,,,,,,,,,,,,,,,,,,,,,,,,,,,,,,
7559294138,Shanti Vidyalaya,Weekly,Regular school,Single shift,,,,,,,,,,,,,,,,,,,,,,,,,,,,,,
9129309567,Gyan Model School,Two days a week,Regular school,Single shift,,,,,,,,,,,,,,,,,,,,,,,,,,,,,,
9214074243,Utkarsh Senior Secondary School,Two days a week,Vidya Jyoti school,Single shift,,,,,,,,,,,,,,,,,,,,,,,,,,,,,,
2486404062,Gyan Public School,Daily,Regular school,Double Shift,,,,,,,,,,,,,,,,,,,,,,,,,,,,,,
6795098482,Utkarsh Vidyalaya,Two days a week,Regular school,Single shift,,,,,,,,,,,,,,,,,,,,,,,,,,,,,,
9780737459,Shanti Senior Secondary School,Two days a week,Regular school,Double Shift,,,,,,,,,,,,,,,,,,,,,,,,,,,,,,
7973229201,Ujjwal Vidyalaya,Once in two weeks,Regular school,Double Shift,,,,,,,,,,,,,,,,,,,,,,,,,,,,,,
5729946436,Navchetna Model School,Once in two weeks,Regular school,Double Shift,,,,,,,,,,,,,,,,,,,,,,,,,,,,,,
3957239651,Sankalp Public School,Once in two weeks,Regular school,Single shift,,,,,,,,,,,,,,,,,,,,,,,,,,,,,,
1249927697,Utkarsh High School,Once in two weeks,Vidya Jyoti school,Double Shift,,,,,,,,,,,,,,,,,,,,,,,,,,,,,,
3081111489,Jyoti Academy,Once in two weeks,Regular school,Single shift,,,,,,,,,,,,,,,,,,,,,,,,,,,,,,
1137899730,Navchetna High School,Once in two weeks,Regular school,Double Shift,,,,,,,,,,,,,,,,,,,,,,,,,,,,,,
3919369818,Aarohan Public School,Weekly,Regular school,Double Shift,,,,,,,,,,,,,,,,,,,,,,,,,,,,,,
3911912690,Utkarsh Senior Secondary School,Weekly,Regular school,Single shift,,,,,,,,,,,,,,,,,,,,,,,,,,,,,,
5594611487,Navchetna Model School,Weekly,Regular school,Double Shift,,,,,,,,,,,,,,,,,,,,,,,,,,,,,,
5722258936,Sankalp High School,Weekly,Regular school,Double Shift,,,,,,,,,,,,,,,,,,,,,,,,,,,,,,
8704911942,Gyan High School,Once in two weeks,Regular school,Single shift,,,,,,,,,,,,,,,,,,,,,,,,,,,,,,
5901570250,Pragati Senior Secondary School,Weekly,Vidya Jyoti school,Double Shift,,,,,,,,,,,,,,,,,,,,,,,,,,,,,,
8969922229,Jyoti Academy,Two days a week,Regular school,Single shift,,,,,,,,,,,,,,,,,,,,,,,,,,,,,,
4667011036,Aarohan Senior Secondary School,Weekly,Regular school,Double Shift,,,,,,,,,,,,,,,,,,,,,,,,,,,,,,
8535476020,Vidya Model School,Once in two weeks,Regular school,Single shift,,,,,,,,,,,,,,,,,,,,,,,,,,,,,,
8620196508,Vidya Public School,Once in two weeks,Regular school,Single shift,,,,,,,,,,,,,,,,,,,,,,,,,,,,,,
7983281593,Shanti Academy,Two days a week,Regular school,Single shift,,,,,,,,,,,,,,,,,,,,,,,,,,,,,,
9580660513,Vidya Academy,Two days a week,Regular school,Double Shift,,,,,,,,,,,,,,,,,,,,,,,,,,,,,,
8308648126,Saraswati Model School,Once in two weeks,Regular school,Double Shift,,,,,,,,,,,,,,,,,,,,,,,,,,,,,,
6832024337,Vidya Public School,Once in two weeks,Regular school,Single shift,,,,,,,,,,,,,,,,,,,,,,,,,,,,,,
4035548077,Navchetna Model School,Daily,Regular school,Single shift,,,,,,,,,,,,,,,,,,,,,,,,,,,,,,
6263315277,Utkarsh Senior Secondary School,Daily,Vidya Jyoti school,Single shift,,,,,,,,,,,,,,,,,,,,,,,,,,,,,,
5221960752,Shanti High School,Weekly,Regular school,Single shift,,,,,,,,,,,,,,,,,,,,,,,,,,,,,,
2461045108,Saraswati Vidyalaya,Weekly,Regular school,Single shift,,,,,,,,,,,,,,,,,,,,,,,,,,,,,,
6205633867,Pragati Academy,Once in two weeks,Regular school,Single shift,,,,,,,,,,,,,,,,,,,,,,,,,,,,,,
4975650941,Saraswati Academy,Two days a week,Regular school,Single shift,,,,,,,,,,,,,,,,,,,,,,,,,,,,,,
6743106706,Aarohan Public School,Weekly,Regular school,Single shift,,,,,,,,,,,,,,,,,,,,,,,,,,,,,,
4529405355,Sankalp Model School,Weekly,Vidya Jyoti school,Double Shift,,,,,,,,,,,,,,,,,,,,,,,,,,,,,,
2307624708,Sankalp Vidyalaya,Weekly,Regular school,Single shift,,,,,,,,,,,,,,,,,,,,,,,,,,,,,,
6125424363,Adarsh Model School,Weekly,Regular school,Single shift,,,,,,,,,,,,,,,,,,,,,,,,,,,,,,
7922014059,Vidya Model School,Once in two weeks,Regular school,Double Shift,,,,,,,,,,,,,,,,,,,,,,,,,,,,,,
8366360691,Shanti Vidyalaya,Once in two weeks,Regular school,Double Shift,,,,,,,,,,,,,,,,,,,,,,,,,,,,,,
9467598640,Shanti Model School,Once in two weeks,Regular school,Double Shift,,,,,,,,,,,,,,,,,,,,,,,,,,,,,,
8347784552,Shanti Academy,Once in two weeks,Regular school,Single shift,,,,,,,,,,,,,,,,,,,,,,,,,,,,,,
5479579372,Adarsh High School,Daily,Regular school,Single shift,,,,,,,,,,,,,,,,,,,,,,,,,,,,,,
4892325769,Saraswati Model School,Weekly,Vidya Jyoti school,Double Shift,,,,,,,,,,,,,,,,,,,,,,,,,,,,,,
6050013763,Sankalp Vidyalaya,Two days a week,Regular school,Single shift,,,,,,,,,,,,,,,,,,,,,,,,,,,,,,
4430268895,Adarsh Academy,Weekly,Regular school,Single shift,,,,,,,,,,,,,,,,,,,,,,,,,,,,,,
6923375360,Saraswati Model School,Weekly,Regular school,Double Shift,,,,,,,,,,,,,,,,,,,,,,,,,,,,,,
9207109535,Aarohan Public School,Weekly,Regular school,Single shift,,,,,,,,,,,,,,,,,,,,,,,,,,,,,,
2495783739,Pragati Model School,Once in two weeks,Regular school,Single shift,,,,,,,,,,,,,,,,,,,,,,,,,,,,,,
9320586614,Adarsh Public School,Weekly,Regular school,Double Shift,,,,,,,,,,,,,,,,,,,,,,,,,,,,,,
7060141312,Gyan Model School,Weekly,Regular school,Single shift,,,,,,,,,,,,,,,,,,,,,,,,,,,,,,
6729637229,Adarsh Public School,Weekly,Regular school,Double Shift,,,,,,,,,,,,,,,,,,,,,,,,,,,,,,
6556863623,Ujjwal Public School,Weekly,Regular school,Single shift,,,,,,,,,,,,,,,,,,,,,,,,,,,,,,
3653545434,Aarohan Senior Secondary School,Once in two weeks,Regular school,Single shift,,,,,,,,,,,,,,,,,,,,,,,,,,,,,,
6410762297,Saraswati Senior Secondary School,Once in two weeks,Regular school,Single shift,,,,,,,,,,,,,,,,,,,,,,,,,,,,,,
1270791088,Jyoti Public School,Once in two weeks,Vidya Jyoti school,Double Shift,,,,,,,,,,,,,,,,,,,,,,,,,,,,,,
4739337057,Shanti Vidyalaya,Once in two weeks,Vidya Jyoti school,Double Shift,,,,,,,,,,,,,,,,,,,,,,,,,,,,,,
1237147838,Shanti Public School,Once in two weeks,Regular school,Double Shift,,,,,,,,,,,,,,,,,,,,,,,,,,,,,,
5617897253,Adarsh Public School,Once in two weeks,Regular school,Single shift,,,,,,,,,,,,,,,,,,,,,,,,,,,,,,
6762254298,Shanti Public School,Weekly,Regular school,Double Shift,,,,,,,,,,,,,,,,,,,,,,,,,,,,,,
2956164911,Ujjwal Academy,Weekly,Regular school,Double Shift,,,,,,,,,,,,,,,,,,,,,,,,,,,,,,
7199176882,Utkarsh Academy,Weekly,Regular school,Single shift,,,,,,,,,,,,,,,,,,,,,,,,,,,,,,
3336344164,Sankalp Vidyalaya,Daily,Regular school,Single shift,,,,,,,,,,,,,,,,,,,,,,,,,,,,,,
4045161595,Aarohan Model School,Weekly,Regular school,Double Shift,,,,,,,,,,,,,,,,,,,,,,,,,,,,,,
2683983546,Saraswati Vidyalaya,Once in two weeks,Vidya Jyoti school,Single shift,,,,,,,,,,,,,,,,,,,,,,,,,,,,,,
7020200018,Aarohan Academy,Weekly,Regular school,Double Shift,,,,,,,,,,,,,,,,,,,,,,,,,,,,,,
6525457623,Sankalp Model School,Once in two weeks,Regular school,Double Shift,,,,,,,,,,,,,,,,,,,,,,,,,,,,,,
4437944240,Gyan Model School,Once in two weeks,Regular school,Single shift,,,,,,,,,,,,,,,,,,,,,,,,,,,,,,
8722837517,Saraswati Model School,Weekly,Regular school,Single shift,,,,,,,,,,,,,,,,,,,,,,,,,,,,,,
9197764186,Gyan Model School,Once in two weeks,Regular school,Double Shift,,,,,,,,,,,,,,,,,,,,,,,,,,,,,,
9094431065,Ujjwal Senior Secondary School,Daily,Vidya Jyoti school,Single shift,,,,,,,,,,,,,,,,,,,,,,,,,,,,,,
4725948721,Gyan Vidyalaya,Daily,Regular school,Double Shift,,,,,,,,,,,,,,,,,,,,,,,,,,,,,,
4416608054,Shanti High School,Daily,Vidya Jyoti school,Single shift,,,,,,,,,,,,,,,,,,,,,,,,,,,,,,
3944076070,Gyan High School,Two days a week,Regular school,Single shift,,,,,,,,,,,,,,,,,,,,,,,,,,,,,,
5823102723,Aarohan Senior Secondary School,Weekly,Regular school,Double Shift,,,,,,,,,,,,,,,,,,,,,,,,,,,,,,
4528188228,Pragati Academy,Weekly,Regular school,Single shift,,,,,,,,,,,,,,,,,,,,,,,,,,,,,,
5579358699,Sankalp Academy,Weekly,Regular school,Double Shift,,,,,,,,,,,,,,,,,,,,,,,,,,,,,,
6728289750,Adarsh Vidyalaya,Weekly,Regular school,Single shift,,,,,,,,,,,,,,,,,,,,,,,,,,,,,,
4502745972,Vidya Public School,Once in two weeks,Regular school,Double Shift,,,,,,,,,,,,,,,,,,,,,,,,,,,,,,
6051010834,Saraswati High School,Weekly,Regular school,Single shift,,,,,,,,,,,,,,,,,,,,,,,,,,,,,,
3256635116,Pragati High School,Weekly,Regular school,Double Shift,,,,,,,,,,,,,,,,,,,,,,,,,,,,,,
1896045815,Shanti Senior Secondary School,Weekly,Regular school,Single shift,,,,,,,,,,,,,,,,,,,,,,,,,,,,,,
9663708889,Utkarsh Senior Secondary School,Once in two weeks,Regular school,Double Shift,,,,,,,,,,,,,,,,,,,,,,,,,,,,,,
7326283251,Aarohan Senior Secondary School,Weekly,Regular school,Single shift,,,,,,,,,,,,,,,,,,,,,,,,,,,,,,
5159165191,Vidya Model School,Weekly,Regular school,Single shift,,,,,,,,,,,,,,,,,,,,,,,,,,,,,,
7784258246,Aarohan Senior Secondary School,Once in two weeks,Regular school,Single shift,,,,,,,,,,,,,,,,,,,,,,,,,,,,,,
4377121936,Pragati Academy,Once in two weeks,Regular school,Single shift,,,,,,,,,,,,,,,,,,,,,,,,,,,,,,
1838127458,Navchetna Academy,Weekly,Regular school,Single shift,,,,,,,,,,,,,,,,,,,,,,,,,,,,,,
2921682872,Adarsh High School,Weekly,Vidya Jyoti school,Single shift,,,,,,,,,,,,,,,,,,,,,,,,,,,,,,
1086045834,Shanti Senior Secondary School,Weekly,Regular school,Double Shift,,,,,,,,,,,,,,,,,,,,,,,,,,,,,,
3923121120,Jyoti Senior Secondary School,Weekly,Regular school,Double Shift,,,,,,,,,,,,,,,,,,,,,,,,,,,,,,
4634828968,Jyoti Senior Secondary School,Weekly,Regular school,Double Shift,,,,,,,,,,,,,,,,,,,,,,,,,,,,,,
1626125002,Pragati High School,Once in two weeks,Regular school,Double Shift,,,,,,,,,,,,,,,,,,,,,,,,,,,,,,
1908505180,Navchetna Public School,Once in two weeks,Vidya Jyoti school,Double Shift,,,,,,,,,,,,,,,,,,,,,,,,,,,,,,
6806144503,Adarsh Public School,Two days a week,Regular school,Single shift,,,,,,,,,,,,,,,,,,,,,,,,,,,,,,
2741767124,Adarsh Vidyalaya,Two days a week,Regular school,Single shift,,,,,,,,,,,,,,,,,,,,,,,,,,,,,,
7282604262,Sankalp Public School,Daily,Regular school,Single shift,,,,,,,,,,,,,,,,,,,,,,,,,,,,,,
1367452589,Adarsh Senior Secondary School,Once in two weeks,Regular school,Single shift,,,,,,,,,,,,,,,,,,,,,,,,,,,,,,
5831162941,Navchetna Public School,Once in two weeks,Regular school,Single shift,,,,,,,,,,,,,,,,,,,,,,,,,,,,,,
2161265701,Vidya Academy,Monthly,Regular school,Single shift,,,,,,,,,,,,,,,,,,,,,,,,,,,,,,
8519110120,Shanti Public School,Monthly,Regular school,Double Shift,,,,,,,,,,,,,,,,,,,,,,,,,,,,,,
3400261058,Sankalp Vidyalaya,Once in two weeks,Regular school,Single shift,,,,,,,,,,,,,,,,,,,,,,,,,,,,,,
3283598330,Ujjwal Senior Secondary School,Once in two weeks,Regular school,Single shift,,,,,,,,,,,,,,,,,,,,,,,,,,,,,,
8039057214,Aarohan Model School,Once in two weeks,Regular school,Single shift,,,,,,,,,,,,,,,,,,,,,,,,,,,,,,
7132019532,Ujjwal High School,Once in two weeks,Vidya Jyoti school,Single shift,,,,,,,,,,,,,,,,,,,,,,,,,,,,,,
2518818779,Ujjwal Senior Secondary School,Weekly,Regular school,Double Shift,,,,,,,,,,,,,,,,,,,,,,,,,,,,,,
3304008615,Adarsh Academy,Once in two weeks,Vidya Jyoti school,Single shift,,,,,,,,,,,,,,,,,,,,,,,,,,,,,,
4498500589,Saraswati Senior Secondary School,Once in two weeks,Vidya Jyoti school,Single shift,,,,,,,,,,,,,,,,,,,,,,,,,,,,,,
7429845731,Ujjwal Academy,Weekly,Regular school,Double Shift,,,,,,,,,,,,,,,,,,,,,,,,,,,,,,
8556747840,Saraswati Vidyalaya,Two days a week,Regular school,Single shift,,,,,,,,,,,,,,,,,,,,,,,,,,,,,,
3183816276,Vidya High School,Weekly,Regular school,Single shift,,,,,,,,,,,,,,,,,,,,,,,,,,,,,,
2496994073,Gyan Model School,Weekly,Regular school,Single shift,,,,,,,,,,,,,,,,,,,,,,,,,,,,,,
6558274621,Saraswati Academy,Weekly,Regular school,Double Shift,,,,,,,,,,,,,,,,,,,,,,,,,,,,,,
8651122210,Saraswati Vidyalaya,Once in two weeks,Regular school,Double Shift,,,,,,,,,,,,,,,,,,,,,,,,,,,,,,
9332994684,Navchetna Vidyalaya,Once in two weeks,Regular school,Double Shift,,,,,,,,,,,,,,,,,,,,,,,,,,,,,,
4930624089,Jyoti Vidyalaya,Once in two weeks,Regular school,Double Shift,,,,,,,,,,,,,,,,,,,,,,,,,,,,,,
4787250058,Shanti High School,Once in two weeks,Regular school,Double Shift,,,,,,,,,,,,,,,,,,,,,,,,,,,,,,
8905413546,Navchetna Vidyalaya,Weekly,Regular school,Double Shift,,,,,,,,,,,,,,,,,,,,,,,,,,,,,,
4601841339,Vidya Academy,Weekly,Regular school,Double Shift,,,,,,,,,,,,,,,,,,,,,,,,,,,,,,
8257777386,Ujjwal Academy,Once in two weeks,Regular school,Double Shift,,,,,,,,,,,,,,,,,,,,,,,,,,,,,,
8124611505,Jyoti Academy,Once in two weeks,Regular school,Single shift,,,,,,,,,,,,,,,,,,,,,,,,,,,,,,
7276828991,Jyoti Academy,Daily,Regular school,Single shift,,,,,,,,,,,,,,,,,,,,,,,,,,,,,,
6951805994,Adarsh Model School,Once in two weeks,Regular school,Double Shift,,,,,,,,,,,,,,,,,,,,,,,,,,,,,,
2606528327,Vidya Vidyalaya,Once in two weeks,Regular school,Double Shift,,,,,,,,,,,,,,,,,,,,,,,,,,,,,,
9970626917,Utkarsh High School,Once in two weeks,Regular school,Single shift,,,,,,,,,,,,,,,,,,,,,,,,,,,,,,
9516354050,Pragati High School,Once in two weeks,Regular school,Double Shift,,,,,,,,,,,,,,,,,,,,,,,,,,,,,,
5853637004,Ujjwal Public School,Once in two weeks,Regular school,Single shift,,,,,,,,,,,,,,,,,,,,,,,,,,,,,,
8284048986,Ujjwal Academy,Once in two weeks,Regular school,Single shift,,,,,,,,,,,,,,,,,,,,,,,,,,,,,,
7915994322,Adarsh Senior Secondary School,Weekly,Regular school,Double Shift,,,,,,,,,,,,,,,,,,,,,,,,,,,,,,
8149819508,Saraswati Senior Secondary School,Weekly,Vidya Jyoti school,Double Shift,,,,,,,,,,,,,,,,,,,,,,,,,,,,,,
9831238157,Saraswati Senior Secondary School,Weekly,Regular school,Single shift,,,,,,,,,,,,,,,,,,,,,,,,,,,,,,
6458256781,Ujjwal Model School,Daily,Regular school,Single shift,,,,,,,,,,,,,,,,,,,,,,,,,,,,,,
7514357347,Ujjwal Senior Secondary School,Daily,Regular school,Single shift,,,,,,,,,,,,,,,,,,,,,,,,,,,,,,
5545852591,Vidya Public School,Weekly,Vidya Jyoti school,Double Shift,,,,,,,,,,,,,,,,,,,,,,,,,,,,,,
4934074111,Ujjwal Senior Secondary School,Two days a week,Regular school,Double Shift,,,,,,,,,,,,,,,,,,,,,,,,,,,,,,
9072346397,Utkarsh Academy,Daily,Regular school,Single shift,,,,,,,,,,,,,,,,,,,,,,,,,,,,,,
2402427828,Utkarsh Model School,Daily,Regular school,Double Shift,,,,,,,,,,,,,,,,,,,,,,,,,,,,,,
6829090849,Gyan Public School,Once in two weeks,Vidya Jyoti school,Double Shift,,,,,,,,,,,,,,,,,,,,,,,,,,,,,,
6494692735,Gyan Academy,Once in two weeks,Regular school,Double Shift,,,,,,,,,,,,,,,,,,,,,,,,,,,,,,
2707080058,Aarohan Senior Secondary School,Once in two weeks,Regular school,Double Shift,,,,,,,,,,,,,,,,,,,,,,,,,,,,,,
5848758638,Saraswati Vidyalaya,Weekly,Regular school,Single shift,,,,,,,,,,,,,,,,,,,,,,,,,,,,,,
7865559745,Jyoti Academy,Weekly,Regular school,Single shift,,,,,,,,,,,,,,,,,,,,,,,,,,,,,,
9348102376,Sankalp Public School,Weekly,Regular school,Double Shift,,,,,,,,,,,,,,,,,,,,,,,,,,,,,,
1018909087,Aarohan High School,Weekly,Regular school,Single shift,,,,,,,,,,,,,,,,,,,,,,,,,,,,,,
9692392504,Pragati Public School,Once in two weeks,Regular school,Double Shift,,,,,,,,,,,,,,,,,,,,,,,,,,,,,,
6297654656,Shanti Vidyalaya,Weekly,Regular school,Single shift,,,,,,,,,,,,,,,,,,,,,,,,,,,,,,
3155174684,Aarohan Public School,Two days a week,Regular school,Single shift,,,,,,,,,,,,,,,,,,,,,,,,,,,,,,
2301021956,Gyan Academy,Once in two weeks,Regular school,Single shift,,,,,,,,,,,,,,,,,,,,,,,,,,,,,,
9921533004,Pragati Public School,Weekly,Regular school,Single shift,,,,,,,,,,,,,,,,,,,,,,,,,,,,,,
4238595862,Sankalp Model School,Daily,Vidya Jyoti school,Double Shift,,,,,,,,,,,,,,,,,,,,,,,,,,,,,,
3402875350,Adarsh Vidyalaya,Daily,Regular school,Single shift,,,,,,,,,,,,,,,,,,,,,,,,,,,,,,
1919850526,Aarohan Public School,Once in two weeks,Regular school,Double Shift,,,,,,,,,,,,,,,,,,,,,,,,,,,,,,
5492050029,Pragati Public School,Once in two weeks,Regular school,Single shift,,,,,,,,,,,,,,,,,,,,,,,,,,,,,,
9090516380,Pragati Model School,Weekly,Regular school,Single shift,,,,,,,,,,,,,,,,,,,,,,,,,,,,,,
9265430189,Jyoti Senior Secondary School,Once in two weeks,Vidya Jyoti school,Double Shift,,,,,,,,,,,,,,,,,,,,,,,,,,,,,,
9551807303,Pragati Public School,Weekly,Regular school,Single shift,,,,,,,,,,,,,,,,,,,,,,,,,,,,,,
6148468188,Utkarsh Academy,Once in two weeks,Regular school,Double Shift,,,,,,,,,,,,,,,,,,,,,,,,,,,,,,
7845915013,Pragati Public School,Once in two weeks,Regular school,Double Shift,,,,,,,,,,,,,,,,,,,,,,,,,,,,,,
6870174816,Shanti Vidyalaya,Once in two weeks,Regular school,Single shift,,,,,,,,,,,,,,,,,,,,,,,,,,,,,,
4983316691,Jyoti Vidyalaya,Daily,Vidya Jyoti school,Double Shift,,,,,,,,,,,,,,,,,,,,,,,,,,,,,,
6450815765,Saraswati Public School,Daily,Regular school,Double Shift,,,,,,,,,,,,,,,,,,,,,,,,,,,,,,
6487711946,Navchetna Vidyalaya,Two days a week,Vidya Jyoti school,Double Shift,,,,,,,,,,,,,,,,,,,,,,,,,,,,,,
4478867532,Pragati Academy,Weekly,Regular school,Double Shift,,,,,,,,,,,,,,,,,,,,,,,,,,,,,,
6458600125,Sankalp Model School,Weekly,Regular school,Double Shift,,,,,,,,,,,,,,,,,,,,,,,,,,,,,,
9021381202,Jyoti Senior Secondary School,Weekly,Regular school,Double Shift,,,,,,,,,,,,,,,,,,,,,,,,,,,,,,
7368405257,Saraswati High School,Daily,Vidya Jyoti school,Single shift,,,,,,,,,,,,,,,,,,,,,,,,,,,,,,
7650361874,Aarohan Model School,Weekly,Regular school,Double Shift,,,,,,,,,,,,,,,,,,,,,,,,,,,,,,
6427197298,Ujjwal Public School,Once in two weeks,Regular school,Double Shift,,,,,,,,,,,,,,,,,,,,,,,,,,,,,,
9065905090,Jyoti Senior Secondary School,Weekly,Regular school,Single shift,,,,,,,,,,,,,,,,,,,,,,,,,,,,,,
4850907319,Ujjwal Model School,Weekly,Regular school,Single shift,,,,,,,,,,,,,,,,,,,,,,,,,,,,,,
2833362720,Ujjwal Senior Secondary School,Weekly,Regular school,Single shift,,,,,,,,,,,,,,,,,,,,,,,,,,,,,,
5792681701,Utkarsh Public School,Weekly,Regular school,Double Shift,,,,,,,,,,,,,,,,,,,,,,,,,,,,,,
4170747988,Sankalp Vidyalaya,Two days a week,Regular school,Single shift,,,,,,,,,,,,,,,,,,,,,,,,,,,,,,
9839737642,Jyoti Model School,Once in two weeks,Regular school,Double Shift,,,,,,,,,,,,,,,,,,,,,,,,,,,,,,
1358010459,Jyoti Senior Secondary School,Weekly,Regular school,Single shift,,,,,,,,,,,,,,,,,,,,,,,,,,,,,,
4589816519,Jyoti Vidyalaya,Weekly,Vidya Jyoti school,Double Shift,,,,,,,,,,,,,,,,,,,,,,,,,,,,,,
3969214264,Shanti High School,Once in two weeks,Regular school,Double Shift,,,,,,,,,,,,,,,,,,,,,,,,,,,,,,
4352657072,Sankalp Academy,Monthly,Regular school,Double Shift,,,,,,,,,,,,,,,,,,,,,,,,,,,,,,
5727869922,Pragati Model School,Once in two weeks,Regular school,Single shift,,,,,,,,,,,,,,,,,,,,,,,,,,,,,,
3787968867,Adarsh Senior Secondary School,Once in two weeks,Regular school,Double Shift,,,,,,,,,,,,,,,,,,,,,,,,,,,,,,
7165426319,Gyan Model School,Once in two weeks,Vidya Jyoti school,Single shift,,,,,,,,,,,,,,,,,,,,,,,,,,,,,,
7976904494,Sankalp Public School,Daily,Vidya Jyoti school,Double Shift,,,,,,,,,,,,,,,,,,,,,,,,,,,,,,
7916077102,Saraswati Vidyalaya,Once in two weeks,Regular school,Single shift,,,,,,,,,,,,,,,,,,,,,,,,,,,,,,
2561085242,Aarohan Public School,Weekly,Regular school,Single shift,,,,,,,,,,,,,,,,,,,,,,,,,,,,,,
6850058004,Saraswati Senior Secondary School,Weekly,Regular school,Single shift,,,,,,,,,,,,,,,,,,,,,,,,,,,,,,
3723061999,Vidya Public School,Weekly,Regular school,Single shift,,,,,,,,,,,,,,,,,,,,,,,,,,,,,,
7402482155,Utkarsh Vidyalaya,Two days a week,Regular school,Single shift,,,,,,,,,,,,,,,,,,,,,,,,,,,,,,
1076239568,Adarsh Academy,Once in two weeks,Regular school,Single shift,,,,,,,,,,,,,,,,,,,,,,,,,,,,,,
9582880450,Sankalp Public School,Once in two weeks,Regular school,Double Shift,,,,,,,,,,,,,,,,,,,,,,,,,,,,,,
6375723624,Navchetna Academy,Once in two weeks,Regular school,Double Shift,,,,,,,,,,,,,,,,,,,,,,,,,,,,,,
2130976305,Gyan Academy,Once in two weeks,Regular school,Single shift,,,,,,,,,,,,,,,,,,,,,,,,,,,,,,
2309333562,Gyan Academy,Once in two weeks,Regular school,Double Shift,,,,,,,,,,,,,,,,,,,,,,,,,,,,,,
7885767228,Shanti Vidyalaya,Once in two weeks,Regular school,Double Shift,,,,,,,,,,,,,,,,,,,,,,,,,,,,,,
1504573971,Adarsh Senior Secondary School,Weekly,Regular school,Single shift,,,,,,,,,,,,,,,,,,,,,,,,,,,,,,
2913428929,Utkarsh Senior Secondary School,Weekly,Regular school,Double Shift,,,,,,,,,,,,,,,,,,,,,,,,,,,,,,
6783076749,Sankalp Academy,Weekly,Regular school,Double Shift,,,,,,,,,,,,,,,,,,,,,,,,,,,,,,
8109072061,Saraswati Senior Secondary School,Daily,Regular school,Single shift,,,,,,,,,,,,,,,,,,,,,,,,,,,,,,
3797929216,Adarsh Academy,Once in two weeks,Regular school,Single shift,,,,,,,,,,,,,,,,,,,,,,,,,,,,,,
9832587532,Pragati Senior Secondary School,Once in two weeks,Regular school,Double Shift,,,,,,,,,,,,,,,,,,,,,,,,,,,,,,
3254033497,Vidya High School,Once in two weeks,Regular school,Single shift,,,,,,,,,,,,,,,,,,,,,,,,,,,,,,
1971325796,Vidya Vidyalaya,Once in two weeks,Regular school,Double Shift,,,,,,,,,,,,,,,,,,,,,,,,,,,,,,
6924481102,Sankalp Academy,Weekly,Vidya Jyoti school,Double Shift,,,,,,,,,,,,,,,,,,,,,,,,,,,,,,
2791773018,Gyan Senior Secondary School,Weekly,Regular school,Single shift,,,,,,,,,,,,,,,,,,,,,,,,,,,,,,
4957384552,Adarsh Model School,Weekly,Regular school,Double Shift,,,,,,,,,,,,,,,,,,,,,,,,,,,,,,
2610024556,Jyoti Academy,Weekly,Regular school,Double Shift,,,,,,,,,,,,,,,,,,,,,,,,,,,,,,
5558001486,Utkarsh Model School,Weekly,Regular school,Single shift,,,,,,,,,,,,,,,,,,,,,,,,,,,,,,
8930054905,Pragati Senior Secondary School,Two days a week,Regular school,Double Shift,,,,,,,,,,,,,,,,,,,,,,,,,,,,,,
1712704439,Navchetna Public School,Two days a week,Regular school,Double Shift,,,,,,,,,,,,,,,,,,,,,,,,,,,,,,
1979699685,Jyoti Public School,Once in two weeks,Regular school,Single shift,,,,,,,,,,,,,,,,,,,,,,,,,,,,,,
3882030518,Navchetna Public School,Monthly,Regular school,Double Shift,,,,,,,,,,,,,,,,,,,,,,,,,,,,,,
2735404966,Sankalp Model School,Once in two weeks,Regular school,Double Shift,,,,,,,,,,,,,,,,,,,,,,,,,,,,,,
5622882857,Gyan Model School,Monthly,Regular school,Single shift,,,,,,,,,,,,,,,,,,,,,,,,,,,,,,
5668767756,Adarsh Senior Secondary School,Daily,Vidya Jyoti school,Double Shift,,,,,,,,,,,,,,,,,,,,,,,,,,,,,,
3909739037,Adarsh Senior Secondary School,Weekly,Vidya Jyoti school,Double Shift,,,,,,,,,,,,,,,,,,,,,,,,,,,,,,
1599694876,Ujjwal Academy,Once in two weeks,Regular school,Double Shift,,,,,,,,,,,,,,,,,,,,,,,,,,,,,,
1129160606,Pragati Vidyalaya,Two days a week,Regular school,Double Shift,,,,,,,,,,,,,,,,,,,,,,,,,,,,,,
2138734832,Aarohan High School,Weekly,Regular school,Single shift,,,,,,,,,,,,,,,,,,,,,,,,,,,,,,
1102526151,Adarsh Academy,Once in two weeks,Regular school,Double Shift,,,,,,,,,,,,,,,,,,,,,,,,,,,,,,
2678887886,Shanti Model School,Daily,Regular school,Double Shift,,,,,,,,,,,,,,,,,,,,,,,,,,,,,,
8364666747,Shanti High School,Once in two weeks,Vidya Jyoti school,Double Shift,,,,,,,,,,,,,,,,,,,,,,,,,,,,,,
6159349703,Shanti Academy,Once in two weeks,Regular school,Double Shift,,,,,,,,,,,,,,,,,,,,,,,,,,,,,,
2336189804,Aarohan High School,Once in two weeks,Regular school,Double Shift,,,,,,,,,,,,,,,,,,,,,,,,,,,,,,
5438023404,Pragati High School,Once in two weeks,Regular school,Double Shift,,,,,,,,,,,,,,,,,,,,,,,,,,,,,,
4540210900,Navchetna Senior Secondary School,Once in two weeks,Regular school,Double Shift,,,,,,,,,,,,,,,,,,,,,,,,,,,,,,
4219553772,Pragati Model School,Once in two weeks,Vidya Jyoti school,Single shift,,,,,,,,,,,,,,,,,,,,,,,,,,,,,,
3762150962,Sankalp Academy,Once in two weeks,Regular school,Double Shift,,,,,,,,,,,,,,,,,,,,,,,,,,,,,,
9390116783,Gyan Senior Secondary School,Once in two weeks,Vidya Jyoti school,Double Shift,,,,,,,,,,,,,,,,,,,,,,,,,,,,,,
7739420577,Gyan Public School,Weekly,Regular school,Single shift,,,,,,,,,,,,,,,,,,,,,,,,,,,,,,
5017602161,Navchetna Model School,Weekly,Regular school,Double Shift,,,,,,,,,,,,,,,,,,,,,,,,,,,,,,
5433168176,Ujjwal High School,Once in two weeks,Regular school,Single shift,,,,,,,,,,,,,,,,,,,,,,,,,,,,,,
4442121860,Shanti High School,Weekly,Regular school,Single shift,,,,,,,,,,,,,,,,,,,,,,,,,,,,,,
2051885730,Aarohan Model School,Once in two weeks,Vidya Jyoti school,Double Shift,,,,,,,,,,,,,,,,,,,,,,,,,,,,,,
1220529005,Navchetna High School,Weekly,Regular school,Single shift,,,,,,,,,,,,,,,,,,,,,,,,,,,,,,
6798634435,Utkarsh Public School,Weekly,Regular school,Single shift,,,,,,,,,,,,,,,,,,,,,,,,,,,,,,
3511485941,Sankalp Public School,Weekly,Regular school,Single shift,,,,,,,,,,,,,,,,,,,,,,,,,,,,,,
6229896273,Adarsh Model School,Once in two weeks,Regular school,Double Shift,,,,,,,,,,,,,,,,,,,,,,,,,,,,,,
9815076802,Navchetna Public School,Once in two weeks,Regular school,Single shift,,,,,,,,,,,,,,,,,,,,,,,,,,,,,,
2369386842,Shanti Senior Secondary School,Weekly,Regular school,Single shift,,,,,,,,,,,,,,,,,,,,,,,,,,,,,,
4119895660,Navchetna Senior Secondary School,Weekly,Regular school,Single shift,,,,,,,,,,,,,,,,,,,,,,,,,,,,,,
3857539731,Shanti Vidyalaya,Weekly,Regular school,Double Shift,,,,,,,,,,,,,,,,,,,,,,,,,,,,,,
1927757212,Adarsh High School,Once in two weeks,Regular school,Double Shift,,,,,,,,,,,,,,,,,,,,,,,,,,,,,,
1530813530,Sankalp Public School,Once in two weeks,Regular school,Double Shift,,,,,,,,,,,,,,,,,,,,,,,,,,,,,,
3962986729,Ujjwal High School,Daily,Regular school,Single shift,,,,,,,,,,,,,,,,,,,,,,,,,,,,,,
8025086501,Navchetna Academy,Daily,Regular school,Single shift,,,,,,,,,,,,,,,,,,,,,,,,,,,,,,
6976311732,Adarsh Senior Secondary School,Daily,Vidya Jyoti school,Double Shift,,,,,,,,,,,,,,,,,,,,,,,,,,,,,,
1295062330,Utkarsh High School,Two days a week,Regular school,Single shift,,,,,,,,,,,,,,,,,,,,,,,,,,,,,,
1167355528,Navchetna Public School,Once in two weeks,Regular school,Single shift,,,,,,,,,,,,,,,,,,,,,,,,,,,,,,
5768344634,Vidya Vidyalaya,Once in two weeks,Vidya Jyoti school,Double Shift,,,,,,,,,,,,,,,,,,,,,,,,,,,,,,
4103965561,Utkarsh Vidyalaya,Once in two weeks,Regular school,Double Shift,,,,,,,,,,,,,,,,,,,,,,,,,,,,,,
3284746507,Shanti Model School,Weekly,Regular school,Double Shift,,,,,,,,,,,,,,,,,,,,,,,,,,,,,,
9032276211,Ujjwal Vidyalaya,Weekly,Regular school,Double Shift,,,,,,,,,,,,,,,,,,,,,,,,,,,,,,
8264475036,Utkarsh Academy,Weekly,Vidya Jyoti school,Single shift,,,,,,,,,,,,,,,,,,,,,,,,,,,,,,
6759584108,Ujjwal Vidyalaya,Weekly,Regular school,Double Shift,,,,,,,,,,,,,,,,,,,,,,,,,,,,,,
1961774096,Ujjwal Model School,Once in two weeks,Regular school,Single shift,,,,,,,,,,,,,,,,,,,,,,,,,,,,,,
5507127989,Saraswati Senior Secondary School,Two days a week,Regular school,Single shift,,,,,,,,,,,,,,,,,,,,,,,,,,,,,,
8258184772,Adarsh Academy,Once in two weeks,Regular school,Single shift,,,,,,,,,,,,,,,,,,,,,,,,,,,,,,
1129499027,Jyoti Senior Secondary School,Once in two weeks,Regular school,Single shift,,,,,,,,,,,,,,,,,,,,,,,,,,,,,,
3134427026,Utkarsh Academy,Weekly,Regular school,Single shift,,,,,,,,,,,,,,,,,,,,,,,,,,,,,,
4155953183,Navchetna Senior Secondary School,Once in two weeks,Regular school,Single shift,,,,,,,,,,,,,,,,,,,,,,,,,,,,,,
7927159519,Vidya Model School,Once in two weeks,Regular school,Single shift,,,,,,,,,,,,,,,,,,,,,,,,,,,,,,
2616334086,Gyan Vidyalaya,Two days a week,Regular school,Single shift,,,,,,,,,,,,,,,,,,,,,,,,,,,,,,
2743125808,Saraswati Public School,Weekly,Vidya Jyoti school,Double Shift,,,,,,,,,,,,,,,,,,,,,,,,,,,,,,
2007829427,Sankalp Senior Secondary School,Weekly,Vidya Jyoti school,Double Shift,,,,,,,,,,,,,,,,,,,,,,,,,,,,,,
3287839768,Ujjwal Public School,Weekly,Regular school,Single shift,,,,,,,,,,,,,,,,,,,,,,,,,,,,,,
6532603059,Sankalp Vidyalaya,Once in two weeks,Vidya Jyoti school,Double Shift,,,,,,,,,,,,,,,,,,,,,,,,,,,,,,
9954808299,Utkarsh Public School,Once in two weeks,Regular school,Double Shift,,,,,,,,,,,,,,,,,,,,,,,,,,,,,,
4670952653,Utkarsh Public School,Weekly,Regular school,Double Shift,,,,,,,,,,,,,,,,,,,,,,,,,,,,,,
5490886562,Gyan Academy,Weekly,Vidya Jyoti school,Double Shift,,,,,,,,,,,,,,,,,,,,,,,,,,,,,,
5310887264,Aarohan High School,Weekly,Regular school,Double Shift,,,,,,,,,,,,,,,,,,,,,,,,,,,,,,
1236247398,Vidya Senior Secondary School,Weekly,Regular school,Single shift,,,,,,,,,,,,,,,,,,,,,,,,,,,,,,
6387324959,Ujjwal Academy,Weekly,Regular school,Double Shift,,,,,,,,,,,,,,,,,,,,,,,,,,,,,,
5887363677,Adarsh Vidyalaya,Weekly,Regular school,Single shift,,,,,,,,,,,,,,,,,,,,,,,,,,,,,,
5479476323,Navchetna Vidyalaya,Two days a week,Regular school,Single shift,,,,,,,,,,,,,,,,,,,,,,,,,,,,,,
2644627546,Utkarsh Vidyalaya,Weekly,Regular school,Single shift,,,,,,,,,,,,,,,,,,,,,,,,,,,,,,
1277794351,Aarohan Vidyalaya,Once in two weeks,Regular school,Single shift,,,,,,,,,,,,,,,,,,,,,,,,,,,,,,
6023629188,Aarohan Vidyalaya,Once in two weeks,Regular school,Single shift,,,,,,,,,,,,,,,,,,,,,,,,,,,,,,
8950720091,Saraswati Model School,Two days a week,Regular school,Double Shift,,,,,,,,,,,,,,,,,,,,,,,,,,,,,,
6212222177,Pragati Public School,Weekly,Regular school,Single shift,,,,,,,,,,,,,,,,,,,,,,,,,,,,,,
7456400473,Aarohan Public School,Daily,Vidya Jyoti school,Double Shift,,,,,,,,,,,,,,,,,,,,,,,,,,,,,,
6961069209,Shanti Academy,Once in two weeks,Regular school,Single shift,,,,,,,,,,,,,,,,,,,,,,,,,,,,,,
8826256320,Gyan Model School,Once in two weeks,Regular school,Single shift,,,,,,,,,,,,,,,,,,,,,,,,,,,,,,
1941846480,Navchetna High School,Once in two weeks,Vidya Jyoti school,Double Shift,,,,,,,,,,,,,,,,,,,,,,,,,,,,,,
4317242613,Adarsh Senior Secondary School,Weekly,Regular school,Double Shift,,,,,,,,,,,,,,,,,,,,,,,,,,,,,,
2420341542,Gyan Senior Secondary School,Two days a week,Regular school,Double Shift,,,,,,,,,,,,,,,,,,,,,,,,,,,,,,
2254126850,Aarohan Academy,Once in two weeks,Vidya Jyoti school,Single shift,,,,,,,,,,,,,,,,,,,,,,,,,,,,,,
3562153960,Ujjwal Vidyalaya,Once in two weeks,Regular school,Double Shift,,,,,,,,,,,,,,,,,,,,,,,,,,,,,,
2731992797,Sankalp Public School,Once in two weeks,Regular school,Double Shift,,,,,,,,,,,,,,,,,,,,,,,,,,,,,,
2724658805,Sankalp Model School,Once in two weeks,Regular school,Double Shift,,,,,,,,,,,,,,,,,,,,,,,,,,,,,,
7658811817,Gyan Model School,Weekly,Regular school,Double Shift,,,,,,,,,,,,,,,,,,,,,,,,,,,,,,
2452212347,Vidya Public School,Weekly,Vidya Jyoti school,Double Shift,,,,,,,,,,,,,,,,,,,,,,,,,,,,,,
3581047297,Vidya Vidyalaya,Weekly,Regular school,Single shift,,,,,,,,,,,,,,,,,,,,,,,,,,,,,,
5867499902,Gyan Vidyalaya,Monthly,Regular school,Single shift,,,,,,,,,,,,,,,,,,,,,,,,,,,,,,
1087929413,Utkarsh Model School,Monthly,Regular school,Single shift,,,,,,,,,,,,,,,,,,,,,,,,,,,,,,
1692736479,Aarohan Vidyalaya,Monthly,Vidya Jyoti school,,,,,,,,,,,,,,,,,,,,,,,,,,,,,,,
8993770851,Vidya Senior Secondary School,Monthly,Vidya Jyoti school,Single shift,,,,,,,,,,,,,,,,,,,,,,,,,,,,,,
8454438587,Aarohan Public School,Monthly,Regular school,Double Shift,,,,,,,,,,,,,,,,,,,,,,,,,,,,,,
7626933587,Sankalp Senior Secondary School,Monthly,Vidya Jyoti school,Double Shift,,,,,,,,,,,,,,,,,,,,,,,,,,,,,,
8804568099,Shanti Vidyalaya,Monthly,Regular school,Single shift,,,,,,,,,,,,,,,,,,,,,,,,,,,,,,
7880240981,Navchetna Academy,Monthly,Regular school,Double Shift,,,,,,,,,,,,,,,,,,,,,,,,,,,,,,
7644404395,Jyoti Academy,Monthly,Regular school,Double Shift,,,,,,,,,,,,,,,,,,,,,,,,,,,,,,
7485231922,Adarsh Public School,Monthly,Regular school,Double Shift,,,,,,,,,,,,,,,,,,,,,,,,,,,,,,
1754362876,Adarsh Senior Secondary School,Monthly,Regular school,Single shift,,,,,,,,,,,,,,,,,,,,,,,,,,,,,,
1075062092,Saraswati Academy,Monthly,Regular school,Single shift,,,,,,,,,,,,,,,,,,,,,,,,,,,,,,
5769479368,Vidya Senior Secondary School,Monthly,Regular school,Single shift,,,,,,,,,,,,,,,,,,,,,,,,,,,,,,
8255894601,Sankalp Academy,Monthly,Regular school,Single shift,,,,,,,,,,,,,,,,,,,,,,,,,,,,,,
4189218107,Gyan Public School,Monthly,Regular school,Double Shift,,,,,,,,,,,,,,,,,,,,,,,,,,,,,,
4683504059,Adarsh High School,Monthly,Regular school,Double Shift,,,,,,,,,,,,,,,,,,,,,,,,,,,,,,
5528732072,Aarohan Model School,Monthly,Vidya Jyoti school,Double Shift,,,,,,,,,,,,,,,,,,,,,,,,,,,,,,
8075628418,Vidya Public School,Monthly,Regular school,Double Shift,,,,,,,,,,,,,,,,,,,,,,,,,,,,,,
8823715267,Shanti Model School,Monthly,Vidya Jyoti school,Double Shift,,,,,,,,,,,,,,,,,,,,,,,,,,,,,,
2884403123,Pragati Academy,Monthly,Regular school,Double Shift,,,,,,,,,,,,,,,,,,,,,,,,,,,,,,
9760125393,Gyan High School,Weekly,Regular school,Double Shift,,,,,,,,,,,,,,,,,,,,,,,,,,,,,,
4308497132,Aarohan Public School,Monthly,Regular school,Double Shift,,,,,,,,,,,,,,,,,,,,,,,,,,,,,,
9191997411,Gyan Model School,Monthly,Regular school,Single shift,,,,,,,,,,,,,,,,,,,,,,,,,,,,,,
4938966868,Adarsh Vidyalaya,Monthly,Regular school,Double Shift,,,,,,,,,,,,,,,,,,,,,,,,,,,,,,
8701740835,Saraswati Academy,Monthly,Regular school,Double Shift,,,,,,,,,,,,,,,,,,,,,,,,,,,,,,
7990001718,Aarohan Model School,Monthly,Regular school,Single shift,,,,,,,,,,,,,,,,,,,,,,,,,,,,,,
2658997442,Pragati Academy,Monthly,Regular school,Single shift,,,,,,,,,,,,,,,,,,,,,,,,,,,,,,
1182644182,Pragati Public School,Monthly,Regular school,Single shift,,,,,,,,,,,,,,,,,,,,,,,,,,,,,,
4329397636,Pragati Public School,Monthly,Regular school,Double Shift,,,,,,,,,,,,,,,,,,,,,,,,,,,,,,
9625968029,Vidya Senior Secondary School,Monthly,Regular school,Single shift,,,,,,,,,,,,,,,,,,,,,,,,,,,,,,
6751109401,Sankalp High School,Monthly,Regular school,Single shift,,,,,,,,,,,,,,,,,,,,,,,,,,,,,,
4450667405,Vidya Vidyalaya,Monthly,Regular school,Single shift,,,,,,,,,,,,,,,,,,,,,,,,,,,,,,
7715916634,Shanti Public School,Monthly,Regular school,Double Shift,,,,,,,,,,,,,,,,,,,,,,,,,,,,,,
3254138509,Navchetna Public School,Monthly,Regular school,Double Shift,,,,,,,,,,,,,,,,,,,,,,,,,,,,,,
3125577208,Utkarsh Public School,Monthly,Regular school,Single shift,,,,,,,,,,,,,,,,,,,,,,,,,,,,,,
2874574329,Utkarsh High School,Monthly,Regular school,Single shift,,,,,,,,,,,,,,,,,,,,,,,,,,,,,,
7677069434,Ujjwal Vidyalaya,Monthly,Regular school,Single shift,,,,,,,,,,,,,,,,,,,,,,,,,,,,,,
1309374288,Saraswati Vidyalaya,Monthly,Regular school,Double Shift,,,,,,,,,,,,,,,,,,,,,,,,,,,,,,
8559832655,Gyan Public School,Monthly,Regular school,Single shift,,,,,,,,,,,,,,,,,,,,,,,,,,,,,,
2078491163,Utkarsh Model School,Monthly,Regular school,Double Shift,,,,,,,,,,,,,,,,,,,,,,,,,,,,,,